{
    "demoParticle": {
        "count": 100,
        "emit": 1,
        "frequency": 4.165999889373779,
        "frequencyTime": 2.6040000915527344,
        "radius": 1.0420000553131104,
        "rangeAlpha_max": 1.0410000085830688,
        "rangeAlpha_min": 1.0420000553131104,
        "rangeColor_max": [
            6.0,
            2.799999952316284,
            1.1540000438690186
        ],
        "rangeColor_min": [
            1.2000000476837158,
            0.0,
            0.7689999938011169
        ],
        "rangeCurrentTime_max": 7.811999797821045,
        "rangeCurrentTime_min": 2.0829999446868896,
        "rangeLifeTime_max": 2.6040000915527344,
        "rangeLifeTime_min": 0.5210000276565552,
        "rangeScale_max": [
            8.0,
            1.600000023841858,
            4.230999946594238
        ],
        "rangeScale_min": [
            5.199999809265137,
            3.5999999046325684,
            3.8459999561309814
        ],
        "rangeTranslate_max": [
            0.0,
            0.0,
            0.0
        ],
        "rangeTranslate_min": [
            0.0,
            0.0,
            0.0
        ],
        "rangeVelocity_max": [
            4.800000190734863,
            4.800000190734863,
            5.769000053405762
        ],
        "rangeVelocity_min": [
            -2.0,
            -1.600000023841858,
            -4.230999946594238
        ],
        "translate": [
            0.0,
            0.0,
            0.0
        ]
    }
}
